word,meaning
makeup,"메이크업, 화장, 조립, 조판"
northwest,"북서, 캐나다 북서부, 캐나다 북서지방, 북서의"
pitcher,"피처, 던지는 사람, 던져 싣는 사람, 짚 따위를 짐차에 던져 싣는 사람"
rumor,"소문, 이야기, 소음, 소문을 내다"
freshman,"신입생, 초년생"
sidewalk,"보도, 인도"
sodium,나트륨
shuttle,"우주선, 북, 정기 왕복 버스, 정기 왕복 열치"
doorway,"출입구, 문간"
broker,"브로커, 중개업자, 고물상, 중상"
dynamics,"역학, 강약법, 변천의 형, 발달의 형"
barn,"헛간, 반, 전차, 전버스"
rack,"고문, 그물 선반, 상자 선반, 파괴"
bankruptcy,"파산, 들판"
haul,"세게 끌기, 한 그물, 한 그물의 어획, 세게 끌다"
cab,"택시, 자습서, 기관사실"
aluminum,"알류미늄, 알류미늄의"
bureau,"국, 사무국, 서랍 달린 큰 책상, 개폐식의 서랍 달린 큰 책상"
scramble,"스크램블, 기어 오르기, 쟁탈전, 쟁탈"
shove,"지지, 밀치다, 한 번 떼밀기, 밀다"
damn,"조금도, 욕설, 욕설이라는 말, 욕설이라는 말을 하기"
frontier,"국경 지방, 변경, 미개 척의 영역"
banker,"은행가, 물주, 시궁창 파는 인부, 작업대"
colorful,"화려한, 색채가 풍부한"
thanksgiving,하느님에 대한 감사
aisle,"통로, 측면의 복도, 측랑이 있는"
legislator,법률제정자
theological,"신학의, 신학상의, 성경에 입각한"
mutter,"속삭임, 속삭이다"
ridge,"산등성이, 산마루, 둥, 재"
straighten,"바르게 되다, 펴지다, 똑바르게, 정돈하다"
fog,"안개, 흐림, 혼미, 두번째 풀"
spit,"침, 거품, 침뱉기, 꼭 닮은 것"
pistol,"권총, 권총으로 쏘다"
recreation,"휴양, 개조, 개조물"
exclaim,외치다
non,"자유로이 명사에 붙여의 뜻, 자유로이 형용사에 붙여의 뜻, 자유로이 부사에 붙여의 뜻, 비의 뜻"
commentator,"시사 해설자, 주석자"
endeavour,"노력, 역행, 시도하다, 노력하다"
remainder,"나머지, 유적, 남은 것, 여수"
architectural,"건출술의, 건출술학의"
tenure,"보유, 신분보장, 신분보장권"
commence,"개시하다, 시작되다, 학위를 받다"
reconstruction,재건
overturn,"전복, 뒤집어 엎다, 뒤엎다, 전복하다"
atrocity,"포악, 잔학한 행위, 극악무도"
tenant,"거주자, 입주자, 차용자, 소작농"
substitution,"치환, 대리"
councillor,"평의원, 의원, 참사관, 고문관"
embark,"태우다, 투자하다, 배에 타다, 비행기에 타다"
duration,"지속, 계속기간, 존속기간"
respective,각각의
firework,"불꽃, 흥분, 대공포화, 기지의 번득임"
enquire,"묻다, 문의하다, 질문하다, 알아보다"
nervously,긴장하게
superb,"훌륭한, 당당한"
aluminium,"알류미늄, 알류미늄의"
empirical,"경험적인, 경험주의의"
guerrilla,"비정규병의, 비정규병"
forthcoming,"출현, 준비된, 곧 올, 곧닥쳐 올"
fifteenth,"제 십오, 열 다섯분의, 열 다섯도, 열 다섯도 음정"
marathon,"마라톤, 마라톤 경주, 마라톤의, 장시간에 이르는"
assertion,역설
asylum,"보호 시설, 피난, 도피처, 피신처"
referee,"위임받은 사람, 위탁받은 사람, 어떤 일을 위임받은 사람, 어떤 일을 위탁받은 사람"
sketch,"스케치, 초고, 환, 약화"
prescribe,"명령하다, 처방하다, 지시하다, 약 따위를 처방하다"
extensively,널리
stabilize,"안정시키다, 안정되다"
selective,"선택하는, 선택적인, 선택의, 도태의"
classification,"분류, 분류법, 분별, 등급별"
consultation,"상의, 참고, 전문가의 회의"
correction,"보정, 정정, 교정, 정오"
congratulate,축하하다
idiot,"백치, 천치"
enthusiastically,열정적으로
predecessor,"전임자, 전임"
preside,"의장이 되다, 우두머리가 되다"
astonishing,놀라운
cheerfully,"명랑하게, 쾌활하게"
registration,"기재, 맞춰 짜기, 등록된 사람들, 등록된 선거인"
choir,"성가대, 성가대석, 노래하는 새떼, 합창하다"
canal,"운하, 도관, 운하의, 도관의"
oblige,"...에게 할 수 없이 ...하게 하다, 남에게 ...하지 않을 수 없게 하다, ...하지 않을 수 없게 하다, ...에게 은혜를 베풀다"
proposition,"제안, 명제, 사업, 유혹"
succession,"계승, 연속, 상속, 연속물"
successive,연속하는
propaganda,"선전, 포교, 선전 단체"
noisily,시끄럽게
amend,"고치다, 수정하다, 고쳐지다"
landlord,"주인, 지주, 가장, 여관 따위의 주인"
restraint,"제지, 출항금지, 입항금지, 선박의 출항금지"
surgical,"외과술의, 외과의"
beloved,"가장 사랑하는, 소중한, 귀여운, 사랑받아"
suspension,"현탁, 부유, 매다는 지주, 약어"
badge,"배지, 기장, 기장을 달다, 견장을 달다"
supervise,"감독하다, 지시하다, 지휘하다, 관리하다"
allowance,"수당, 허용, 공제, 허용오차"
stiffly,뻣뻣하게
copyright,저작권
supervision,감독
deficiency,"부족, 부족액, 부족분, 부족량"
disposal,"처분, 처분의"
eighteenth,"십팔, 열 여덟, 십팔 세의"
faction,"당파, 당쟁, 실록 소설"
apparatus,"기구, 기관, 조직"
directory,"예배 규칙서, 주소성명록, 지도자의 직, 집정부"
synthesis,"합성, 종합, 합, 접골"
massacre,"대학살, 완패, 경기 따위의 완패, 헐뜯다"
applicant,"응모자, 원인"
reside,"살다, 존재하다, 성질이 존재하다, 주차하다"
conserve,"설탕 절임, 보존하다"
adjacent,이웃의
gravely,자갈의
magistrate,"수령, 행정장관, 사법권이 있는 행정장관, 치안판사"
notify,"통보하다, 정식으로 통지하다, 정식으로 통보하다"
devise,"유증, 부동산 유증, 궁리하다, 고안하다"
graphic,"도화의, 도표의, 문자로 쓰는"
formulate,"공식화하다, 공식으로 나타내다"
optical,"눈의, 광학의, 광학상의"
dual,"둘의, 이중의, 양수의"
divert,"...을 ...으로 전환하다, 다른 대상을 향하게 하다, 기분 전환을 시키다"
denounce,"비난하다, 종결을 통고하다, 매도하다"
contention,"투쟁, 말다툼, 논쟁점"
generously,아낌없이
anxiously,"근심하여, 걱정하여"
applaud,"박수 갈채하다, 칭찬하다, ...에게 박수 갈채하다"
firefighter,소방수
inadequate,부적당한
firearm,소화기
forge,"단조 공장, 노, 다듬는 곳, 연마하는 곳"
provincial,"지방민, 지방 분구 관장, 지방 분구 주교, 지방인"
disastrous,비참한
fixture,"고정물, 정착물, 대회, 부동산 정착물"
editorial,"사설, 편집장의, 주필의, 편집의"
realization,"실현, 현금화, 결실, 정말이라고 생각함"
marginal,"가장자리 가의, 가장자리의, 가장자리 끝의, 한계의"
notable,"주목할 만한, 유명한, 명사"
inclusion,포함
descent,"하강, 강하, 가계, 세습"
linear,"선의, 일차의, 실 모양의"
formally,정식으로
defect,"결함, 결손, 결점, 구멍"
junction,"접합, 연결, 교차점, 접합점"
rebellion,"반항, 모반, 권력에 대한 반항"
Prof,교수
crave,"간청하다, 열망하다, 갈망하다, 필요로 하다"
rock'n'roll,로큰롤
berry,"말린 씨앗, 알, 장과, 딸기류의 열매"
illiterate,읽고 쓸 줄 모르는
inhabit,...에 살다
shorten,"줄이다, 짧게 하다, 짧아 보이게 하다, 깎다"
uncommon,"드문, 보통 아닌, 희유"
birthplace,출생지
advertiser,"신문, 광고자, 광고자주"
disbelief,불신
captivity,"포로, 바빌론 포로, 포로의 신세, 포로의 기간"
sleepy,"졸리는, 잠자는 듯한, 너무 익어 속이 썩기 시작한, 졸음이 오는 듯한"
squash,"스쿼시, 애호박, 찌그러진 물건, 철썩"
inclusive,"포함한, 모든 것을 포함한, 모든 것을 넣은, 계산에 넣어서"
compatible,"양립할 수 있는, 흑백 수상기에 흑백으로 수상할 수 있는 겸용식의"
childish,"어린애 같은, 어린이 같은, 어른이 같은"
fertile,"다산인, 비옥한, 창조력이 풍부한, 번식력이 있는"
temporal,"일시적인, 시간의, 현세의, 때를 나타내는"
coronation,"대관식, 즉위식, 대관"
metropolis,"중심지, 수도, 종속 중심지, 도"
multitude,다수
sports,"스포츠의, 스포츠용의, 스포츠에 적합한, 운동경기"
stubborn,"완고한, 단단한, 다루기 어려운, 완강한"
aeroplane,비행기
dogma,"교조, 정설, 독단적 주장, 독단적 견해"
decree,"법령, 명령, 신의, 법원의 명령"
benevolent,"자애로운, 유순한, 호의적인, 자선적인"
despise,"경멸하다, 모멸하다, 업신여기다"
colossal,"거대한, 훌륭한, 터무니없는"
detector,"탐지기, 검파기, 발견자"
Jean,"진 피륙, 여자 이름, 진 천으로 만든 바지"
shelve,"선반에 얹다, 선반에 두다, 보류하다, 해고하다"
junk,"정크, 못 쓸 것"
energetic,정력적인
cucumber,오이
cyclist,자전거 타는 사람
pyramid,"피라미드, 각뿔, 피라미드형의 것, 피라미드형으로 하다"
migrate,"이주하다, 회유하다"
organiser,조직자
curry,"카레, 카레요리, 카레요리로 하다, 빗질하다"
compliment,"경의, 경의의 표시, 의례적인 인사말, 경의를 표하다"
understandable,이해할 수 있는
lettuce,상추
microscope,"현미경, 현미경 별자리"
pod,"작은 무리, 완두콩 따위의 깍지, 물개 따위의 작은 무리, 새 따위의 작은 무리"
serene,"고요한, 맑게 갠, 침착한, 고귀하신"
immunity,면제
outcry,"항의, 외침, 경매, 목소리가 ...보다 크다"
twig,"작은 가지, 점대, 감지하다"
protector,"보호자, 보호하는 것, 방어물"
erase,"지우다, 문질러 지우다, 지워 버리다, 죽이다"
chorus,"합창, 합창곡, 합창대, 일제히 내는 소리"
Deity,신
dread,"공포, 무서운 사람, 무서운 물건"
wasteful,"낭비적인, 허비의, 황폐시키는"
unequal,"같지 않은, 감당 못하는, 비등하지 않은, 부동한"
mimic,"흉내를 잘 내는, 모방자, 흉내내다"
marvellous,"기이, 놀랄 만한"
graph,"그래프, 그래프로 나타내다"
individually,개별적으로
digestive,"소화를 돕는, 침지의"
crumble,"부스러뜨리다, 산산이 무너지다, 힘 없이 무너지다"
gloom,"어둠, 어두운 곳, 어두운 나무 그늘, 유명"
bedside,"머리맡, 침대, 침대결, 환자의 머리맡"
anytime,언제든지
agony,"고뇌, 격발, 심한 고통, 감정의 격발"
confidential,"심복의, 기밀의, 속 이야기를 터놓는"
Buddhism,"불교, 불법"
intently,골똘하게
adversity,"역경, 불행, 기구"
tolerant,"관대한, 내성이 있는"
oppression,"압박, 고난, 우울"
barbarian,"야만인, 미개인, 이방인, 미개인의"
accustomed,"익숙한, ...에 익숙한"
cigar,"시가, 여송연, 엽궐련"
circumference,"둘레, 원주, 주변, 경계선"
blissful,더없이 행복한
festive,축제의
disperse,"흩뜨리다, 흩어지게 하다, 흩어지다, 방산하다"
swap,"교환, 교환하다, 교역하다"
lifeboat,"구명정, 구명 보트"
inflection,"굴절, 굽음, 음성의 조절"
oratory,"웅변, 기도원"
permeate,"...에 스며들다, 침투하다"
tonic,"토닉, 강장제, 주음, 토닉 워터"
constructive,"건설적인, 구조적인, 해석에 의한, 작도의"
crunch,"결정적 시기, 우두둑우두둑 부서지는 소리, 오독오독 깨물다, 아삭아삭 깨물다"
destiny,"운명, 명수, 하늘의 뜻"
corpse,"시체, 시신, 송장"
plight,"상태, 맹세, 보통 나쁜 상태, 맹세하다"
reconstruct,"재건하다, 부흥하다"
mistrust,"불신, 불신용, 신용하지 않다, 추측하다"
opus,작
arch,"아치, 으뜸의 뜻, 우두머리의 뜻, 제일의 뜻"
flimsy,"얇은, 박약한, 보잘것없는, 얇은 종이"
rust,"녹, 녹병균, 금속의 녹, 녹슬다"
nickel,"니켈, 백동화, 백통, 니켈의"
handicraft,"손재주, 수세공"
uneasy,"불안한, 거북한, 어색한"
endanger,위험에 빠뜨리다
ancestral,조상의
beverage,마실 것
meaningless,무의미한
grammatical,"문법의, 문법상의"
mould,"곰팡이, 형, 틀, 주물"
slippery,"미끄러운, 불안정한, 잡을 데가 없는, 뻔뻔스러운"
bathe,"미역, 담그다, 씻다, 뒤덮다"
stink,"악취, 화학, 평이 나쁘다, 지르다"
subscribe,"승낙하다, 서명하다, 기부명부에 기명하다, 예약하다"
taxation,"과세, 소송 비용 사정, 전조세"
tread,"흘레, 밟음, 밟히는 것, 제관섭상"
singular,"단수형, 단수, 둘도 없는, 남다른"
snatch,"인상, 조각, 급히 먹는 식사, 성교"
rogue,"악당, 부랑자, 망나니, 개구쟁이"
munch,우적우적 먹다
gardener,"정원사, 원예사, 원예 애호가, 외야수"
characterise,"특성을 나타내다, 특성을 부여하다, 성격을 부여하다"
decease,"사망, 사망하다"
ingenious,"영리한, 재간 있는, 독창적인"
thrill,"스릴, 전율, 떨림, 동계"
eagerly,열심히
breeding,"번식, 증식, 가계, 가정교육"
wrapper,"싸개, 겉잎, 싸는 사람, 싸는 것"
trance,"황홀, 실신, 황홀하게 만들다"
finite,"한정된, 제한된, 정형의"
freckle,"주근깨가 생기다, 주근깨가 생기게 하다"
nurture,"양육, 양육하다, 양성하다"
antarctic,남극의
prominence,"돌기, 흥염, 눈에 띔, 태양의 흥염"
seasonal,"계절의, 특정한 계절만의"
nude,"나체상, 그림 따위의 나상, 그림 따위의 나체상, 조각 따위의 나상"
physiology,생리학
inert,"둔한, 자동력이 없는"
fertility,"비옥, 수정 능력, 출생률, 수정률"
truce,"휴전, 휴지, 휴전협정, 휴전에 의해 중지하다"
joyful,즐거운
scrap,"한조각, 소량, 먹다 남은 것, 다툼"
acting,"직무 대행의, 연출용의, 가짜의"
messenger,"전령, 심부름꾼, 선구"
merchandise,"상품, ...을 매매하다, ...을 거래하다, ...을 상품화해서 판매를 꾀하다"
fortress,"요새, 요새 도시, 요새지"
earthworm,"지렁이, 땅속에 사는 벌레"
economical,"경제학의, 경제의, 경제상의, 경제적인"
escalation,단계적 확대
eternity,"영원, 영겁, 구원, 만년"
fugitive,"도망자, 사라져 버리는 것, 없어져 버리는 것, 도망하는"
impetus,"운동량, 기동력"
hotly,뜨겁게
abrupt,"험준한, 뜻밖의, 급전하는, 단열의"
acquaintance,"아는 사람, 안면, 면식, 지면"
comparatively,비교적으로
civility,"정중, 예의바른 말, 예의바른 태도, 정중한 말"
chisel,"속이다, 끌로 파다, 끌로 새기다, 끌을 쓰다"
frightful,"무서운, 불쾌한, 아주 보기 흉한, 아주 보기 싫은"
frost,"서리, 프로스트, 결빙, 냉담"
congest,"혼잡하게 하다, 충혈시키다, 울혈시키다, 혼잡해지다"
spiral,"나선, 나사, 나선상 진행 과정, 소용돌이선"
recline,"...에 기대다, 기대게 하다"
resentment,"원한, 원통"
mankind,"인류, 인간, 남성, 오인"
blindness,맹목
bodily,"신체상의, 육체상의, 구체의"
ache,"아픔, 아프다, ...하고 싶어 못 견디다"
apprentice,"도제, 초심자"
dame,"여자, 귀부인, 지체가 높은 숙녀, 나이가 든 여인"
defraud,"속이다, 속여서 빼앗다"
doubtful,"불안한, 못 미더운, 의심을 품고 있는, 의심스러운"
exterior,"외부, 외모, 옥외 풍경, 관계 없는"
goddess,여신
fin,"지느러미, 수직 안정판, 물갈퀴, 손"
paste,"풀, 반죽, 강타, 납 유리"
literal,"정확한, 융통성 없는, 사람 융통성 없는, 문자 그대로 정확한"
insignificant,"의미 없는, 대수롭지 않은"
impartial,치우치지 않은
hopeless,"희망을 잃은, 쓸모없는"
emigrate,이주하다
Puritan,"청교도, 청교도 같은, 청교도의"
reminiscent,"추억을 말하는 사람, 옛날을 회상하는, 추억에 잠기는, 생각나게 하는"
scalp,"머리 가죽, 민둥산 꼭대기, 고래 대가리, 머리털이 붙은 머리 가죽"
oppress,"압박하다, ...에게 압박감을 주다, ...에게 답답한 느낌을 주다, 압제하다"
ponder,"숙고하다, 생각하다"
precarious,"믿을 수 없는, 남의 마음대로 되는, 근거가 불확실한"
pickle,"간물, 절인 것, 곤란한 입장, 난처한 입장"
sober,"냉정한, 수수한, 술 취하지 않은, 과장이 없는"
telecommunication,전기통신
veil,"베일, 덮개, 연구개, 감추다"
disdain,"경멸감, 경멸하다, ..할 가치가 없다고 생각하다"
pretext,이름
sweeping,"청소, 쓸어 모은 것, 철저한, 일소하는"
poetic,"시의, 이상화된"
soothe,"달래다, 진정시키다, 만족시키다"
volcanic,"화산의, 폭발성의"
wedge,"쐐기, 쐐기 모양, 쐐기 모양의 물건, 사이를 갈라놓는 것"
turbine,터빈
ripple,"리플, 파문, 파상, 잔물결 소리"
hive,"꿀벌의 벌집벌통, 한 벌통의 꿀벌떼, 벌통에 모으다, 벌통에 살게 하다"
gloomy,"우울한, 어두운, 음울한"
lavish,"풍부한, 아낌없는, 낭비벽이 있는, 아낌없이 주다"
incite,자극하다
mitigate,완화하다
mantle,"맨틀, 망토, 덮개, 벽난로 선반"
pacify,"가라앉히다, 어루만지다"
chastise,"벌하다, ...을 몹시 비난하다"
canyon,"깊은 협곡, 큰 협곡"
repress,"억누르다, 정복하다"
populate,...에 거주시키다
rustle,"훔치다, 살랑살랑 흔들다, 서둘러 다루다, 살랑거리다"
gossip,"잡담, 수다쟁이, 속화, 잡담을 하다"
meddle,"간섭하다, 공연히 만지작거리다, 집적거리다"
guild,"동업 조합, 동업 단체, 일반적으로 동업 조합"
speaking,"말하기, 발언, 말하는, 말이라도 할 것 같은"
hypocrisy,위선
pentagon,오각형
insular,섬의
alibi,"구실, 변명, 현장부재 증명"
juvenile,"소년, 어린이 다운, 소년의, 소녀의"
habitual,스관적인
oxide,산화물
simplify,간단하게 하다
detach,"떼다, 파견하다"
dreamer,꿈 꾸는 사람
duplicate,"복제, 동의어, 짝을 맞추는 한 쪽의 표, 짝을 이루는 한 쪽의 표"
revolve,"회전하다, 공전하다, 머리속에서 맴돌다, 생각이 머리속에서 맴돌다"
memorandum,"각서, 메모, 비망록, 적요"
envelop,"싸다, 포위하다"
know-how,실제적 지식
glee,"기쁨, 삼부 또는 그 이상의 합창곡"
standby,"캔슬대기로, 긴급할 때 즉시 쓸 수 있는, 의지할 수 있는 것, 의지할 수 있는 사람"
seaweed,해초
turtle,"터틀, 바다거북, 거북의 고기, 호도애"
amplify,"더욱 상 세히 하다, ...을 확대하다, ...을 증대하다, ...을 과장하다"
vibrate,"떨리다, 설레다, 진동하다, 흔들리다"
gratitude,감사
sustenance,"생계, 음식, 지지"
planetary,"지구의, 행성 같은, 행성의, 천체의 영향을 받은"
intentional,계획적인
playground,"운동장, 학교 따위의 운동장"
vibration,"진동, 동요, 진동 시키기, 정신적 전파"
fulfilment,이행
dangerously,위험하게
deception,"기만, 속임, 기만 수단"
sip,"한모금, 조금씩 마시다, 찔끔찔끔 마시다"
sympathise,"동정하다, 동감하다, 공명하다"
siren,"사이렌, 아름다운 목소리의 여가수, 고혹적인 미인, 사이렌의"
spurious,"가짜의, 비논리적인, 사생아의, 의사의"
sanctuary,"성역, 성전, 안식처, 신성한 곳"
palate,"구개, 미각"
exhaustion,"피로, 배기, 철저한 검토, 궁"
grate,"화상, 쇠격자, 갈다, ...에 쇠창살을 대다"
mythical,신화의
recite,"암송하다, 특히 청중 앞에서 암송하다, 이야기하다, 낭송하다"
despair,"절망, 절망의 근원, 절망하다"
ramble,"산책, 소요, 빈둥빈둥 거닐다, 두서없이 지껄이다"
scorn,"경멸, 경멸받는 사람, 경멸받는 것, 경멸하다"
scourge,"채찍, 천벌, 몹시 괴롭히다, 채찍질하다"
kin,"혈연, ...의 작은 것의 뜻, 혈족인"
proficiency,진보
unlock,"터놓다, 자물쇠를 열다, 자물쇠가 열리다"
south-west,"남서, 남서부, 남서지방, 남서로의"
sponge,"스펀지, 해면, 해면 같은 물건, 세간"
sniff,"맡다, 코를 킁킁거리다, 코로 들이쉬다, ...의 냄새를 맡다"
sensational,"눈부신, 선풍적 인기의, 인기 끌기 위주의, 감각상의"
sewer,"하수, 하수도, 하수구, 급사장"
bloom,"꽃, 개화, 개화기, 화"
Arabic,"아라비아 말, 아라비아 사람의"
banquet,"연회, 향연, 주석, 연회를 베풀어 대접하다"
wicked,"사악한, 장난기 있는, 불쾌한, 우수한"
unaware,"알지 못하는, 부주의한, 알지 못하고, 뜻밖에"
uncountable,"셀 수 없는, 불가산의"
eruption,"분화, 폭발, 분출, 발진"
womb,"자궁, 태, 배, 한배"
polar,"극선, 남극의, 북극의, 극을 가진"
camel,"낙다, 부함, 낙타색, 낙타색의"
lookout,"임무, 조망, 감시소, 망보기"
linguistic,언어의
leafy,"잎이 많은, 잎으로 된, 넓은 잎의"
housewife,"주부, 반짇고리"
ignorant,무식한
intuition,"직관, 직각"
Isle,섬
heroine,"여걸, 여주인공, 반신녀"
misuse,"오용, 말 따위의 오용, 잘못 쓰다, 오용하다"
moderation,"절도, 적당, 적도, 비 일차 전학년 공통시험"
patronise,"보호하다, 수호하다, 단골로 하다, 상점 따위를 단골로 하다"
rag,"조각, 짓궂은 장난, 낡은 신문지, 낡은 손수건"
psychic,"무당, 영혼의"
enlighten,"밝히다, 계몽하다, 빛을 비추다"
enormously,막대하게
fascinated,"매혹하는, 노려보는"
fuss,"야단법석, 몸달아 설침, 수선, 야단법석하는 사람"
flatter,"즐겁게 하다, 아첨하다, 실물 이상으로 좋게 나타내다, 우쭐하게 하다"
dissatisfy,불만을 느끼게 하다
ditch,"도랑, 영국 해협, 치다, 버리다"
daytime,"낮, 주간, 하루"
archaeology,고고학
adventurous,"모험을 좋아하는, 모험적인"
bonnet,"보닛, 덮개, 공모자, 테 없는 모자"
catastrophe,"대단원, 대이변, 지각의 격변, 대실패"
Celtic,"켈트 말, 켈트족의"
infancy,"초기, 초창기, 유소, 미성년"
intricate,뒤얽힌
minus,"마이너스, 마이너스 기호, 부수, ...을 뺀"
lease,"임차권, 차지계약, 차가계약, 임대하다"
lessen,"적게 하다, 작게 하다, 얕보다, 적게 되다"
loft,"로프트, 지붕 밑 다락방, 비둘기장, 고미다락에 저장하다"
magician,마술사
reconcile,"화해시키다, 조정하다, 조화시키다, 일치시키다"
rejoice,"기쁘게 하다, 가지고 있다, 기뻐하다, 좋아하다"
quench,"끄다, 잃게 하다, 없애다, 입을 막다"
phishing,피싱
possessive,"소유의, 소유욕의, 소유욕이 강한"
mythology,신화학
patriot,"애국자, 지사"
telecom,통신
sociology,"사회학, 군집 생태학"
stoop,"앞으로 굽은 사람, 현관 입구의 계단, 구부리다, 자기를 낮추어 ...하다"
shampoo,"샴푸, 마사지, 머리 감기, 샴푸로 감다"
riddle,"수수께끼, 눈이 성긴 체, 눈이 성긴 어레미, 풀다"
savage,"야만인, 잔인한 사람, 야만적인 사람, 잔인한"
vindicate,"...의 정당함을 입증하다, ...의 결백함을 입증하다, ...의 진실함을 입증하다, 진실성을 입증하다"
vacancy,"빈자리, 공허, 방심, 틈"
wag,"흔들기, 익살꾸러기, 게으름뱅이, 흔들다"
apprehension,"우려, 체포, 이해력"
apprehensive,"우려하는, 이해가 빠른"
afflict,괴롭히다
amenity,"예의, 기분에 맞음, 생활을 즐겁게 해주는 가지가지의 일"
abate,"감소시키다, 배제하다, 중지하다"
voyage,"항해, 도해, 여행기, 건너 지르다"
avoidance,"기피, 무효"
autobiography,"자서전, 육필인쇄술"
broom,"비, ...을 비로 쓸다"
tumour,종양
scarlet,"주홍, 진홍색, 선홍색, 진분홍 빛의 옷"
courteous,예의 바른
credulity,"망신, 믿기 쉬움"
coil,"코일, 사리, 혼란, 곱슬털"
captive,"포로, 포로의, 모회사에 전속된"
cannon,"대포, 캐논, 권총, 포골"
enchant,"호리다, 요술을 걸다"
edifice,"건물, 구성물"
dent,"옴폭 들어간 곳, 이, 옴폭 들어가다, 옴폭 들어가게 하다"
curtail,"줄이다, 삭감하다, 축소하다"
deceit,"책략, 사기, 사위"
deduction,"공제, 추론, 추정"
deformed,기형의
degenerate,타락자
fable,"우화, 전설, 꾸며낸 이야기, 줄거리"
extravagance,"사치, 방종한 언행"
explorer,"탐침, 인공위성, 탐구하는 사람"
farewell,"작별, 작별의 인사, 작별인사를 하다"
feeble,"희미한, 연약한, 의지가 박약한"
esteem,"존중, 존경하다, 존중하다, ...을 ...라고 생각하다"
estimation,"견적, 판단, 존중, 가치의 판단"
epithet,"별명, 형용어구, 형용어"
equator,"적도, 주야평분선, 균분원"
fusion,"퓨전, 용해, 연합, 원자핵의 결합"
footstep,"발자국, 발자국 소리, 보폭, 디딤대"
gust,"격발, 일진의 바람"
certify,"증명하다, 인증하다, ...에게 증명서를 교부하다, ...에게 증명서를 발행하다"
inactive,"활동하지 않는, 비활성의"
electron,"전자, 호박색의 금은 합금, 전자의, 호박색의 금은 합금의"
lance,"창, 랜싯, 작살, 랜싯 창"
textile,"직물, 짤 수 있는, 직물의"
ware,"제품, 용품, 상품, 물품"
balcony,"발코니, 전망대, 이층 특별석, 고물의 전망대"
stump,"그루터기, 나무 그루터기, 의족, 기둥"
extravagant,"기발한, 낭비하는"
anarchy,"무정부 상태, 난세, 난맥"
crescent,"초승달, 초승달 모양, 초승달 모양의 것, 초승달 모양의 기장"
expend,"둥근 기둥 등에 감다, 소비하다, 다 써버리다, 돈을 쓰다"
advent,"출현, 도래"
blaze,"불꽃, 섬광, 확 타오름, 지옥"
crest,"문장, 볏, 용마루, 꼭대기"
discreet,"사려있는, 분별있는, 지각있는"
discriminate,"식별된, 식별하다, 분간하다, 차별하다"
mummy,"엄마, 미라, 암갈색, 암갈색의 그림 물감"
harass,"괴롭히다, 애먹이다"
inflate,"부풀게 하다, 올리다, 득의 양양하게 하다, 과장하다"
waiting,"기다리는, 기다림, 대기 시간, 기다리는 시간"
selling,판매
tickle,"간지럼, 좁은 해협, 기쁘게 하다, 간질이다"
snowstorm,"눈보라, 눈보라 같은 것"
magnetism,"자기, 자성, 자력, 자기학"
pessimism,"염세주의, 염세"
flap,"플랩, 축 늘어진 물건, 벌어진 갓, 안절부절 못함"
freezing,"동결, 냉동, 어는, 몹시 추운"
hospitality,"환대, 관대, 친절히 대접하기"
snowy,"눈이 많은, 눈이 쌓인, 설백의, 순백의"
loser,"실패자, 진편, 장애 구역, 경기에서 진편"
chilly,"냉담한, 냉랭한, 오싹한, 냉랭하게"
pneumonia,폐렴
consciously,"의식하여, 자각하여, 의식적으로"
creak,"삐걱거리는 소리, 삐걱거리다"
handbook,"안내서, 편람, 내기 돈 장부"
gigantic,거인 같은
proportional,"비례항, 비례한"
watery,"물의, 물 같은, 싱거운, 눈물 어린"
dynasty,"왕조, 조"
chaotic,혼돈된
darling,"가장 사랑하는, 가장 사랑하는 사람, 임자, 가장 귀여워하는 사람"
cork,"코르크, 코르크 제품, 코르크마개, 코르크로 만든"
lantern,"칸델라, 등실, 채광창, 등대의 등실"
naughty,"못된, 장난꾸러기의, 아슬아슬한, 성교"
cluck,"꼬꼬 우는 소리, 얼간이, 꼬꼬 울다, 차다"
concise,간결한
vomit,"토하다, 게우다, 내뱉다, 도르다"
usefully,유용하게
temper,"기질, 기분, 침착, 균형"
speculative,"위험한, 사색적인, 투기적인, 사행적인"
spaceship,우주선
skim,"웃더껑이, 숨긴 소득, 웃더껑이의 제거, 스치듯 날려 보내다"
vintage,"포도 수확, 포도주, 포도 수확기, 포도 수확량"
wed,"...와 결혼하다, 결혼시키다, 단단히 결부시키다, 결부되다"
iceberg,빙산
self-control,"자제심, 자제"
stepmother,의붓어미
kite,"연, 솔개, 지연, 욕심꾸러기"
incline,"경사, 경사면, 기울다, 굽히다"
exceptionally,예외적으로
overthrow,"타도, 정복, 뒤집어 엎다"
subside,"앉다, 빠지다, 삐다, 가라앉다"
conquest,"정복, 정복하여 얻은 것, 애정의 획득"
void,"빈, 없는, 텅빈, 무효의"
dwell,"살다, 머무르다, 발을 올리는 것이 더디다"
lunar,"달의, 달의 작용에 의한, 초승달 모양의"
moisture,"수분, 습기"
penetrate,"통과하다, 빛 따위가 통과하다, 목소리 따위가 통과하다, ...에 스며들다"
nourish,"키우다, 기르다"
Possessor,소유자
unnatural,"부자연한, 자연적인 인정에 배치되는, 자연적인 본성에 배치되는, 자연적인 천성에 배치되는"
continental,"대륙의, 대륙성의, 대륙성풍의, 유럽 대륙의"
scruple,"망설임, 의심, 조금, 양심의 가책"
scenery,"풍경, 배경, 무대면"
shuffle,"혼합, 발을 끌며 걷기, 잰 걸음으로 발을 끌기, 잰 걸음으로 발을 끌며 추기"
streetcar,시가 전차
holiness,신성한 것
growl,"으르렁거리는 소리, 으르렁거리다, 으르렁거리며 말하다"
conform,"따르다, 따르게 하다, 맞게 하다, 합치하다"
conqueror,정복자
daydream,"백일몽, 공상에 잠기다"
disable,"무능하게 하다, 무력하게 하다, 손상하다, 무능력으로 만들다"
shield,"방패, 실드, 보호자, 보호물"
persecution,종교적인 박해
salesman,"판매원, 외판원"
battalion,대대
beating,"고동, 패배, 맥박, 채찍질"
benefactor,은혜를 베푸는 사람
alternate,"번갈아 하는, 하나씩 거른, 부의, 교대의"
laureate,"월계관을 쓴, 명예의 표시인 월계관을 쓴, 월계관을 쓴 사람, 명예의 표시인 월계관을 쓴 사람"
jewel,"보석, 석, 귀중한 사람, 귀중한 물건"
jeopardy,위험
mayonnaise,"마요네즈, 마요네즈 소스"
maternity,"임산부, 산부인과, 산부인과 병원, 어머니임"
massage,"마사지, 안마, ...에게 마사지를 하다, 마사지하다"
graveyard,묘소
inclination,"기울기, 경향, 경도"
incapable,무능하다
implore,"간청하다, 애원하다"
horseman,"기병, 승마자"
humiliation,굴욕
iniquity,부정
infringe,"어기다, 침입하다"
indignation,"분개, 분기, 분"
propagate,"번식시키다, 보급시키다, 선전하다, 전달하다"
recede,"움푹 들어가다, 물러나다, 손을 떼다, 계약 따위에서 손을 떼다"
redeem,"도로 사다, 도로 되사다, 몸값을 치르고 구해내다, 노예를 몸값을 치르고 구해내다"
refund,"환불금, 돈을 반제하다, 돈을 상환하다, 반제하다"
respectable,"상당한, 존경할 만한, 품행이 단정한, 질 따위가 상당한"
reproach,"치욕, 질책, 꾸짖다, ...의 체면을 손상하다"
profess,"공언하다, 언명하다, ...으로의 신앙을 고백하다, 직업으로 삼다"
procession,"행렬, 행진, 행렬의 행진, 순위에 변화가 없는 재미 없는 경주"
patty,패티
mislead,"그릇되게 인도하다, 그릇되게 안내하다"
misunderstanding,오해
Neptune,넵투누스
mound,"투수판, 동산, 둑, 둑덕지게 하다"
mortal,"치명적인, 대단한, 죽음의, 죽음에 관한"
pare,"깎아 다듬다, 조금씩 줄이다, 손톱 따위를 깎아 다듬다, 깎아내다"
pact,"계약, 국가간 따위의 계약"
debtor,"채무자, 차변"
conspire,"공모하다, 협력하다, 음모하다"
consternation,깜짝 놀람
constituent,"성분, 선거권자, 대리 지정인, 조성의"
disgrace,"불명예, 눈 밖에 나 있음, 망신시키는 것, 수치가 되다"
disillusion,"환멸, 환멸감, ...의 환영을 깨우치다, ...의 환상을 깨우치다"
diligent,근면한
dice,"주사위, 작은 입방체, 서양 장기판 꼴로 하다, 주사위놀이를 하다"
derision,비웃음
dubious,"모호한, 미덥지 않은, 의심을 품은, 수상쩍은"
diverge,"분기하다, 빗나가다, 갈라지다"
duel,"결투, 투쟁"
eccentric,"별난, 괴벽스러운, 편심의, 중심을 달리하는"
foresee,"예견하다, 예지하다"
fertilise,"비옥하게 하다, 풍부하게 하다, 수정시키다"
fertilize,"비옥하게 하다, 풍부하게 하다, 수정시키다"
glitter,"반짝임, 반짝거림, 반짝반짝 빛나다, 반짝이다"
fro,이리저리
fray,"싸움, 닳게 하다, 비비다, 소모시키다"
frugal,"검소한, 절약하는"
exhaustive,철저한
epic,"서사시, 서사시적 작품, 서사시의"
enmity,"증오, 적의, 적시"
eventual,"어쩌면 일어날 수도 있는, 촤후의"
fearful,"두려워, 무서운, 심한, 가공의"
eyelid,눈꺼풀
enchantment,"마법, 매혹, 마법을 걸기, 마법에 걸린 상태"
endeavor,"노력, 역행, 시도하다, 노력하다"
avalanche,"눈사태, 사태"
belligerent,"교전국, 교전국자, 교전 중인의, 호전적인의"
amusement,"즐거움, 위안, 재미나는, 재미로 하는 것"
affirm,"단언하다, 긍정하다, 확인하다, 지지하다"
abhor,"소름끼칠 정도로 싫어하다, 거부하다, 절기하다, 대기하다"
abbreviate,"줄여 쓰다, 약하다, 약분하다"
cognate,"같은 기원, 조상이 같은, 같은 종류의, 동족의"
collateral,"서로 나란한, 부대적인, 담보로 내놓은, 방계친"
civilized,"예의 바른, 교화된"
commend,"기리다, 권하다, 맡기다"
confound,"당황케 하다, 꺾다, 제기랄 망할 자식, 제기랄 가벼운 욕 망할 자식"
checker,"체커, 검사자, 체크 무늬, 바둑판 무늬 세공"
checklist,체크리스트
caravan,"대상, 트레일러, 유개 대운반차, 대상으로 여행하다"
casually,우연히
clamp,"집게, 꺾쇠, 감자 더미, 육중한 발소리"
citadel,"성, 포대, 최후의 거점"
canon,"정경, 규범, 정전, 카논"
break-up,"붕괴, 분산, 해산"
bliss,다시 없는 기쁨
beforehand,"미리, 앞서, 벌써, 빨리"
blackberry,"검은딸기, 검은딸기의 열매"
swindle,"사취, 편재, 속여 빼앗다, 사기하다"
annoyance,"성가심, 두통거리"
imaginable,상상할 수 있는
horrid,"무서운, 지독한"
ridicule,"조소, 비웃다"
astronomy,"천문학, 천문학 논문, 천문학 서적"
diplomacy,"외교, 외교술"
maze,"미로, 어리둥절하게 하다"
immerse,"잠그다, 열중시키다, 몰두시키다"
overpower,"지우다, 상대를 지우다, 보다 강한 힘으로 지우다, 보다 강한 힘으로 상대를 지우다"
linen,"리넨, 아마포, 리넨 제품, 옥양목 제품"
brow,"이마, 눈썹, 벼랑, 얼굴"
grocer,"잡화상, 식료품 잡화 상인"
ranger,"배회자, 유격병"
plentiful,풍부한
tenement,"아파트, 보유 재산, 차지, 자유보유권"
thrifty,"무성한, 검약하는, 번영하는"
township,"타운십, 군구, 읍구"
urgency,"긴급, 급, 긴급한 일, 역설"
unworthy,"가치 없는, 알맞지 않은, 변변치 못한 사람"
sparkling,"불꽃을 튀기는, 거품이 이는"
solemn,"엄숙한, 중대한, 심각한 표정의, 종교상의"
sled,"썰매, 면화 따는 기계, 썰매로 운반하다, 썰매를 타다"
scold,"꾸짖다, 잔소리하다, 책망하다, 책하다"
seriousness,"진지함, 진지, 심각함, 엄숙"
severity,"엄격, 괴로움, 격렬, 간소"
utilise,이용하다
volt,"볼트, 찌르기를 피하기 위한 재빠른 다리의 동작, 원을 그리는 동작, 찌르기를 피하기 위하여 재빨리 몸을 비키다"
wither,"시들다, 슬다, 시들게 하다, 죽다"
wreck,"난파선, 잔해, 난파, 몰락한 사람"
transistor,"트랜지스터, 트랜지스터 라디오"
hack,"마구 자르기, 짤막한 헛기침, 승용마, 정강이를 차기"
lasting,"일종의 튼튼한 나사, 영속하는"
chime,"차임, 선율, 돌출한 가장자리, 울리다"
scoff,"비웃다, ...을 비웃다, 걸신들린 듯이 먹다, 비웃음"
macaroni,"마카로니, 이탈리아 사람, 대륙에서 돌아온 멋쟁이, 십팔세기의 영국에서 대륙에서 돌아온 멋쟁이"
realisation,"실현, 현금화, 결실, 정말이라고 생각함"
olden,"늙게 하다, 옛날의"
overeat,"너무 많이 먹다, 폭식하다"
venom,"독액, 악의"
woollen,"양모의, 모직의, 모직물을 취급하는"
submerge,"잠수함으로 공격하다, 잠수함으로 격침하다"
rigid,"엄격한, 까다로운, 굳은, 강직한"
nightingale,나이팅게일
metallic,금속의
sesame,"참깨, 참깨의 씨"
foodstuff,식료품
lapse,"경과, 소멸, 과실, 고요한 흐름"
nibble,"한입 깨물기, 조금씩 깨물다, 조금씩 물어뜯다, 조금씩 갉아먹다"
cruelly,"잔인하게, 잔혹하게"
furnishing,"가구, 복식품"
geometry,"기하학, 기하학서, 기하학책"
gracefully,우아하게
granite,화강암
exempt,"면제된, 면역의, 면제받은 사람"
engrossed,"집중시키다, 몰두시키다, 열중시키다, 큰 글씨로 쓰다"
mystify,"어리둥절케 하다, 신비화하다"
keeping,"유지, 조화, 부양"
librarian,사서
hiker,도보 여행자
gulp,"쭉마시기, 쭉꿀꺽꿀꺽마시기, 쭉꿀꺽꿀꺽마시는 소리, 쭉마시는 소리"
zebra,"얼룩말, 줄무늬 셔츠를 입은 심판원, 얼룩 무늬가 있는"
preparatory,예비의
rivet,"대갈못, 대갈못을 박다, 대가리를 꾸부려 박다, 대갈못 따위를 대가리를 꾸부려 박다"
reptile,"비열한, 파행하는, 비열한 인간, 파행동물"
reclaim,"개심, ...의 반환을 요구하다, 교정하다, 개선하다"
repel,"쫓아버리다, 싫어하게 하다, 반발하다, 불쾌감을 주다"
relentless,"잔인한, 냉혹한"
socialise,"사교적으로 만들다, 사회적으로 만들다, 사회화하다, 사회주의화하다"
stride,"보폭, 큰 걸음, 한걸음의 폭, 걸터 앉다"
superstitious,미신의
shipwreck,"난파선, 난파, 난선, 파멸"
athletics,"체육 실기, 운동경기"
aloft,위에
algebra,"대수학, 대수 교과서, 대수 논문"
brink,가장자리
bookstore,"서점, 책방"
outward,"외부, 밖으로, 밖에, 외부의"
rebellious,반란의
sceptic,"회의론자, 무신론자, 의심 많은, 회의적인"
gracious,"공손한, 유익한, 은혜가 넘치는"
microscopic,현미경의
abyss,심연
agitate,"흔들다, 선동하다, 활발히 논의하다, 문제를 활발히 논의하다"
assassinate,암살하다
billow,"부풀다, 부풀게 하다, 크게 굽이치다, 큰 물결"
berth,"침대, 숙소, 지위, 정박 거리"
bout,"합, 일시적인 기간, 바탕, 한판승부"
contraction,"축소, 축약, 단축, 짐"
dagger,"단검, 단도"
sluggish,"부진한, 느린, 게으름 피우는, 기능이 둔한"
streamer,"사광, 테이프, 흐르는 것, 톱 전단에 걸친 큰 표제"
unfinished,"다듬지 않은, 미완성인, 마무리가 덜 된, 비육 불충분한"
valuation,"평가, 사정 가격, 견적 가격"
whet,"자극, 갈기, 자극물, 갈다"
whirlpool,"소용돌이, 혼란"
yearly,"매년, 일년에 한번, 그 해의, 일년간의"
zodiac,"수대, 황도대, 일주, 십이궁도"
lounge,"라운지, 어슬렁어슬렁 걷기, 사교실, 호텔 따위의 사교실"
mute,"묵자, 짖지 않는, 무언의, 벙어리의"
monstrous,"거대한, 괴이한, 대단히"
glorify,"영광을 찬송하다, 칭송하다, 칭찬하다, 미화하다"
grill,"그릴, 석쇠, 격자, 불고기"
dynamite,"다이너마이트, 성격이 격렬한 사람"
evade,"피하다, 헛되게 하다, 빼다, 모면하다"
brutally,잔인하게
delusion,"미혹, 현혹"
cobra,코브라
barrack,"바라크, 바라크식 건물, 건초막, 네 기둥으로 지붕을 괸 건초막"
attainable,이를 수 있는
chatter,"끽끽 우는 소리, 재잘거림, 재잘거리다, 잡담하다"
revolt,"반란, 반항, 반항심, 비위 상하게 하다"
renaissance,"부흥, 갱생, 종교 따위의 부흥"
optics,광학
imprint,"날인, 흔적, 찍다, 명심하다"
perfection,"완전, 완비, 극치, 대전"
avoidable,피할 수 있는
orthodox,"전통적인, 정설의, 정설을 신봉하는, 특히 종교상의 정설의"
antidote,해독제
bakery,"빵집, 제과점"
crusade,"개혁 운동, 박멸 운동, 숙청 운동"
tutor,"가정 교사, 후견인, 개별 지도 교수, 개인 교사로서 가르치다"
parachute,"낙하산, 파라슈트, 풍산종자, 낙하산의"
caramel,캐러멜
bud,"싹, 아체, 어린이, 동료"
bravery,"용감, 용장, 화미"
barbecue,"야외 파티, 통구이, 통구이용 틀, 커피열매를 말리는 판"
prostrate,"엎드린, 상실한, 굴종을 나타내어 엎드린, 패배한"
annex,"신관, 부가물, 부수 시키다, 동반 시키다"
homestead,"주택, 자작 농장, 택지"
profuse,"풍부한, 통이 큰"
purity,"청정, 청순, 청렴, 정격"
sophomore,"이학년생의, 이학년생"
saturate,"가득한, 속속들이 스며든, 포화도에 달한, 흠뻑 적시다"
civilize,"개화하다, 교화하다, 문명화하다, 세련되게 하다"
persevere,인내하다
politic,"적절한, 사려가 깊은, 꾀를 부리는, 술수를 쓰는"
coincident,"동시에 일어나는, 합하는, 일치하는"
accustom,"의히다, ...에 익숙해지다"
inflame,"흥분시키다, 불타오르게 하다, 흥분하다"
alight,"불타고, 우연히 만나다, 우연히 발견하다"
sympathize,"동정하다, 동감하다, 공명하다"
genteel,"점잖은 체하는, 가문이 좋은"
refine,"정제하다, 정련하다, 고상하게 하다, 우아하게 하다"
oxidize,"산화시키다, 산화하다"
radius,"반지름, 요골, 반경 범위, 복사선"
warp,"경사, 휨, 경, 날"
existent,현존하는
consequent,"당연한 결과, 자연스러운 결과, 결과의, 논리상 필연의"
demonstrative,"분명히 나타내는, 지시의, 논증할 수 있는, 시위적인"
awe,두려움
transact,"집행하다, 거래를 하다, 교섭을 하다"
parlor,"객실, 특별 휴게실, 원래 객실, 영업소"
blossom,"꽃, 개화, 개화 상태, 꽃이 피다"
skeptical,"의심 많은, 회의적인, 무신론적인"
hourly,한 시간마다의
subtract,"덜다, 감하다, 뺄셈을 하다"
fore,"전부, 앞 부분, 앞 부분의, 앞 전방의"
gloss,"광택, 허식, 어구 주해, 그럴 듯한 설명"
glossary,어휘
surmise,"추량, 추량하다, 추측하다"
traitor,"배신자, 반역자"
elapse,"경과하다, 지나가다"
climax,"클라이맥스, 최고조, 극상, 엑스터시"
pending,"미결정의, 미결의, ...한 사이, ...까지"
dispense,"분배 하다, 시여하다, 조제하다, 특면하다"
vestige,"자취, 아주 조금, 발자국, 아주 조금도 ...않다"
marvelous,"기이, 놀랄 만한"
excel,"뛰어나다, 능가하다, 빼어나다"
depose,"폐하다, 물러나게 하다, 선서 증언하다, 증언하다"
lavatory,"화장실, 세면실"
peruse,"숙독하다, 정독하다"
durable,"튼튼한, 영속성 있는"
suffice,"...에 충분하다, 충분하다"
stead,"대신, 도움, 남에게 쓸모가 있다, 남에게 쓸모가 도움이 되다"
genus,"속, 종류, 유"
tenor,"테너, 방침, 취지, 사본"
floral,"꽃의, 식물상의, 식물지의"
fright,"공포, 도깨비 같은 사람, 도깨비 같은 물건, 보기 흉한 사람"
anecdote,"일화, 비사, 소화"
bankrupt,"파산자, 상실한, 파한산, 파산시키다"
constrain,"억누르다, 억지로 ...시키다"
mishap,재난
avail,"이익, 유용하다, ...에 도움이 되다, 효력이 있다"
flux,"유량, 흐름, 융제, 밀물"
excursion,"소풍, 편위, 여행 단체, 소풍 단체"
lever,"지렛대, 지레, 수단, 목적 달성의 수단"
apt,"적절한, 재기있는, 총기있는, ...하기 쉬운"
aptitude,"적성, 적절함"
seclude,"...에서 떼어놓다, ...에서 은둔하다"
dividend,"피제수, 나뉨수, 공채 이자"
simultaneous,동시에 일어나는
centimeter,센티미터
repute,"평판, 호평, 평하다"
ration,"정액, 하루분의 양식, 배급하다, 정량의 식품 따위를 배급하다"
congregate,모이다
intellect,"지력, 지식인, 지식인들"
congenial,얼리는
genial,"온화한, 정다운, 생식의, 천재의"
firmament,창공
intercourse,"교통, 왕래, 영적 교통, 영적교류"
intercept,"중도에서 붙들다, 중도에서 빼앗다, 가로막다, 도중에서 빼앗다"
creditor,"채권자, 대변"
creditable,"명예가 되는, 신용할 만한, 명예성"
credulous,"잘 믿는, 경솔히 믿는 데서 오는"
creed,"신조, 신경"
dialect,"방언, 한 계급 특유의 통용어, 한 직업 특유의 통용어"
heater,히터
scrupulous,"꼼꼼한, 양심적인"
rectangle,구형
sovereign,"주권자, 통치자, 영국의 옛날의 일파운드 금화, 최고의"
infirm,"약한, 허약한"
solicit,"간청하다, 뇌물을 써서 애걸하다, 유혹하다, 권유하다"
omit,"...할 것을 빠뜨리다, ...할 것을 빼먹다, ...할 것을 잊다, 게을리하다"
leaven,"효모, 발효소, 감화를 주는 것, 영향을 주는 것"
detest,혐오하다
jog,"가벼운 흔들림, 서행, 말의 서행, 천천히 달리다"
radiate,"사출하는, 사출되다, 방출되다, 열 따위가 사출되다"
lucid,"맑은, 빛나는, 뚜렷한, 의식 따위가 뚜렷한"
adjourn,"휴회하다, 산회하다, 폐회하다, 연기하다"
deficient,부족한
proficient,숙달된
confide,이야기하다
infinite,"무한의, 인칭 및 수의 제한을 받지 않는"
affinity,"유연, 인척 관계, 밀접한 관계, 애호"
physic,"약, ...에게 약을 먹이다"
docile,온순한
fidelity,"충실도, 충실, 정절, 성실"
manor,"장원, 영국 봉건시대의 장원"
punctual,"시간을 잘 지키는, 기한을 잘 지키는"
circus,"서커스, 난교 쇼, 난교 파티, 크고 화려한 안경"
contradict,"부정하다, 부인하다, 모순되다, 반대하다"
audible,들리는
auditor,"감사, 청강생, 듣는 사람, 회계감사원"
procure,"일으키다, 획득하다, 특히 노력하거나 애를 써서 획득하다, 매춘부를 주선하다"
apprehend,"깨닫다, 체포하다, 우려하다"
comprehend,"이해하다, 포함하다"
fracture,"골절, 분열, 깨짐, 갈라진 틈"
cascade,"종속, 작은 폭포, 폭포 모양의 레이스 장식, 위로부터의 계단식 정보전달"
chaste,"순결한, 품위 있는, 난잡하지 않은, 추잡하지 않은"
invincible,무적의
omnibus,"합승 마차, 염가 보급판 작품집, 염가 보급판 작품선집, 다수의 것을 포함하는"
ode,송시
auxiliary,"보조자, 보조함, 원군, 보조의"
aviation,"비행, 비행기, 항공기 산업"
aviator,비행가
inaugurate,"열다, 취임식을 행하여 취임시키다, 취임식을 행하여 사람을 취임시키다, 낙성식을 하다"
profane,"신성을 더럽히는, 세속적인, 이교의, ...의 신성을 더럽히다"
geology,"지질학, 지질학서"
satire,"풍자, 빈정댐"
assent,"동의, 동의하다, 인정하다"
brood,"종족, 한배 병아리, 품다, 내려 덮이다"
epitaph,"비문, 비명, 묘지, 비명체의 시"
abridge,"요약하다, 단축하다"
lowly,"지위가 낮은, 자기를 낮추는"
discern,"식별하다, 보고 분간하다, 뚜렷하게 인식하다, 차이를 알다"
abnormal,비정상의
abbot,대수도원장
par,"평가, 홀, 기준 타수, 동둥"
perennial,사계절을 통해서 계속되는
perplex,난처하게 하다
nameless,"이름이 없는, 서출의, 형언할 수 없는, 언어 도단의"
dome,"둥근 천장, 비면, 머리, 웅장한 건물"
submarine,"잠수함, 해저 식물, 해저동물, 해저의"
belle,"미인, 가장 아름다운 여성, 가장 아름다운 소녀, 여자 이름"
concord,"일치, 호응, 협정, 협화음"
cordial,"강장제, 과일 주스에 물을 탄 음료, 코디얼, 충심으로부터의"
animate,"생명 있는, 생물인, 생기 있게 하다, 활기 띠게 하다"
unanimous,"합의의, 만장일치의, 전원 일치의"
weakest,"약한, 나약한, 묽은, 우둔한"
synchronize,"동시성을 가지다, 표준시를 가리키다, 일정시간을 가리키다, 일치하다"
cipher,"암호, 열쇠, 영, 아라비아 숫자"
ply,"주름, 경향, 부지런히 일하다, ...에 열성을 내다"
focal,초점의
tract,"관, 넓이, 소책자, 영송"
ferry,"나룻배, 도선, 나루터, 자력 현지 수송"
teller,"말하는 사람, 세는 사람"
valve,"판막, 판, 피스톤, 전자관"
finale,"종악장, 종국, 최후의 막"
humid,습기있는
servile,"노예의, 노예 근성의, 맹종적인"
savor,"맛, 풍미, 아취, 기미"
prolong,"길게 하다, 길게 발음하다, 모음 따위를 길게 발음하다"
engross,"집중시키다, 몰두시키다, 열중시키다, 큰 글씨로 쓰다"
bureaucrat,관료
collide,일치하지 않다
nautical,"항해의, 항해술의"
longevity,"장수, 수"
fragrant,향기로운
sweeten,"달게 하다, 달게 되다, ...의 입맛을 좋게 하다, ...의 울림을 좋게 하다"
quaint,별스러워 재미있는
rap,"랩, 톡톡 두드리기, 똑똑 두드리기, 심한 꾸중"
discord,"불일치, 불협화음, 난조, 일치하지 않다"
sire,"폐하, 아비, 아버지, 낳게 하다"
socialize,"사교적으로 만들다, 사회적으로 만들다, 사회화하다, 사회주의화하다"
circumscribe,"주위에 경계선을 긋다, 활동 등을 ...안에 제한하다, 활동 등을 제한하다, 외접시키다"
ample,"충분한, 넓은"
spire,"첨탑, 뾰족탑, 나탑, 뾰족한 꼭대기"
drastic,격렬한
impair,떨어뜨리다
preface,"머리말, 서, 예언, ...에 머리말을 붙이다"
extremity,"말단, 사지, 극도, 최후"
bereft,"여읜, 잃은"
predicate,"술부, 속성, 술부의, 술어의"
covert,"은밀한, 보호를 받고 있는, 숨는 장소, 칼깃"
technic,"기술, 기법, 사람을 끄는 솜씨"
fort,"요새, 보루, 교역 시장"
methodical,"질서 있는, 방법의"
prudent,조심스러운
respiration,"호흡, 호흡작용"
sparkle,"불꽃, 생기, 번쩍임, 재기"
inauguration,"취임, 취임식, 낙성식, 정식 개시"
drench,"물약, 흠뻑 젖음, 흠뻑 젖게 함, 흠뻑 물에 적시다"
amicable,우호적인
conductor,"지휘자, 전도체, 차장, 관리인"
sicken,"싫증 나게 하다, 병나다, 싫증 나다, 몸이 편찮다"
brighten,"닦다, 반짝이게 하다, 반짝이다, 명랑해지다"
configure,구성
maritime,"바다의, 해상의, 해안 가까이에 사는, 항해의"
improper,"부적당한, 온당치 않은"
terminus,"말단, 종점, 종착역, 경계신"
draught,"흘수, 끌기, 징병, 한 모금"
specter,"유령, 무서운 것"
assimilation,"동화, 소화, 유화"
vine,"덩굴, 덩굴 식물, 포도주, 포도나무"
